index,name,hex,r,g,b,c,m,y,k,combinations
1,Hermosa Pink,#f7c9d5,247,201,213,0,30,6,0,176 227 273
2,Corinthian Pink,#f6bdc1,246,189,193,0,35,15,0,27 43 87 97 128 169 174 206 246 254 264 342
3,Cameo Pink,#e5bcbc,229,188,188,10,32,19,0,101 105 116 120 165 231
4,Fawn,#d6b8aa,214,184,170,18,31,30,0,18 125 308
5,Light Brown Drab,#c1a19e,193,161,158,8,30,20,25,35 68 185 191 223 239 244 268 285 321
6,Coral Red,#f09082,240,144,130,0,55,40,0,92 123 320 332
7,Fresh Color,#f1947c,241,148,124,0,53,45,0,240
8,Grenadine Pink,#ef805f,239,128,95,0,62,58,0,6 21 112 166 193 201 230 300 315 341
9,Eosine Pink,#ed7e92,237,126,146,0,63,23,0,34 59 90 108 134 153 197 242 248 276 287 314 327 336
10,Spinel Red,#ec6e8d,236,110,141,0,70,21,0,14 147 165 184 195 224 277
11,Old Rose,#d56a75,213,106,117,15,70,40,0,55 162 260 265
12,Eugenia Red | A,#e05d53,224,93,83,7,76,60,0,284
13,Eugenia Red | B,#db4f58,219,79,88,0,80,50,10,17 77 252 262 270 280 282 325
14,Raw Sienna,#c37608,195,118,8,18,58,100,12,3 13 33 70 86 130 131 182 243 247 252 255 268 269 279 293 298 319 327
15,Vinaceous Tawny,#cb6012,203,96,18,17,72,100,6,40 85 244
16,Jasper Red,#e74c0a,231,76,10,2,83,100,0,155 194 216 219
17,Spectrum Red,#df0716,223,7,22,5,100,100,0,257 266 301 322
18,Red Orange,#db3915,219,57,21,9,90,100,0,31 164 179 241 264
19,Etruscan Red,#ca503d,202,80,61,16,80,74,6,25 47 97 137 152 185 275
20,Burnt Sienna,#b65115,182,81,21,22,76,100,15,198 242 263 285 286 297 312 333 343
21,Ochre Red,#b45447,180,84,71,18,73,63,20,199 283
22,Scarlet,#cf2438,207,36,56,10,95,72,7,136 308 332
23,Carmine,#cd002d,205,0,45,0,100,75,16,39 117 122 154 225 232 307 313
24,Indian Lake,#c93465,201,52,101,12,89,35,9,299 331
25,Rosolanc Purple,#b8366d,184,54,109,30,90,33,0,48 144 170 204 277 346
26,Pomegranite Purple,#bc0b50,188,11,80,23,100,50,6,220 271
27,Hydrangea Red,#ab3a45,171,58,69,38,90,70,0,142
28,Brick Red,#b03f16,176,63,22,22,84,100,18,37 108 246 322 328
29,Carmine Red,#ad242f,173,36,47,25,95,80,16,35 51 104 130 181 200 221 228 233 237 245 338
30,Pompeian Red,#b31831,179,24,49,18,97,74,19,30 71 120 212 311 324
31,Red,#ad153b,173,21,59,30,100,70,10,251 261
32,Brown,#86431f,134,67,31,35,74,90,35,110 121 145 161
33,Hay's Russet,#833121,131,49,33,37,85,87,35,58 82 95 152 186 231 249 304 314 336 345
34,Vandyke Red,#8c1d19,140,29,25,32,95,95,33,16 133 147 316 335
35,Pansy Purple,#870836,135,8,54,34,100,60,34,157 273
36,Pale Burnt Lake,#8a2422,138,36,34,25,90,80,40,124 171 177 205 217 258 269 283
37,Violet Red,#5e2658,94,38,88,75,100,50,5,9
38,Vistoris Lake,#784244,120,66,68,40,71,55,40,63 91 165 226 290 337
39,Sulpher Yellow,#f8f2c8,248,242,200,4,4,28,0,52 72 80 104 132 135 151 208 246 254 270 294 296 310 315 320 321 326
40,Pale Lemon Yellow,#fff3b2,255,243,178,0,4,38,0,3 31 60 76 99 109 111 169 185 195 203 228 241 261 272 281 290 292 336
41,Naples Yellow,#fbeca3,251,236,163,2,7,44,0,14 115 166 193 303 325
42,Ivory Buff,#efdba5,239,219,165,8,15,40,0,11 50 94 102 126 178 184 190 209 214 235 243 262 266 301 343
43,Seashell Pink,#fbdcc4,251,220,196,0,19,23,0,45 84 88 113 150 176 194 276 334
44,Light Pinkish Cinnamon,#face9d,250,206,157,0,25,40,0,317
45,Pinkish Cinnamon,#efbc7e,239,188,126,5,32,53,0,78 161 175 232 258 263 292 305 310
46,Cinnamon Buff,#fbcc7a,251,204,122,0,25,57,0,23 127 137 180 210 234 246 323 344
47,Cream Yellow,#fac55f,250,197,95,0,28,68,0,122 192 215 226 267 278 294 295 300 302 304 311 329 342
48,Golden Yellow,#f2a84b,242,168,75,2,42,74,0,26 81 132 138 140 179 206 229 309 315
49,Vinaceous Cinnamon,#efae8d,239,174,141,4,40,42,0,203 205 213 256 260 279 299
50,Ochraceous Salmon,#dcab77,220,171,119,15,38,55,0,32 71 121 186 217 220 223 238 296 339
51,Isabella Color,#d0b16c,208,177,108,15,28,60,10,4 12 241 292
52,Maple,#d0ac6b,208,172,107,5,26,56,20,282
53,Olive Buff,#ced19b,206,209,155,16,6,42,12,83 175 200 330 348
54,Ecru,#ccb998,204,185,152,20,25,40,6,167 249 275 279 292 302 317 327
55,Yellow,#fff100,255,241,0,0,0,100,0,22 62 68 154 240 251 295 313
56,Lemon Yellow,#f9ee28,249,238,40,5,0,85,0,45 123 138 158 168 173 189 210 253 259 289 298 306 317 333
57,Apricot Yellow,#ffe100,255,225,0,0,10,100,0,107 129 163 198 213 247 265 284 305 319
58,Pyrite Yellow,#cfb948,207,185,72,23,25,80,0,239 250 255 287
59,Olive Ocher,#dabb26,218,187,38,18,26,90,0,66 148 149 156 157 249 278
60,Yellow Ocher,#e5bc2a,229,188,42,12,28,88,0,42 96 118 124 126 191 222 325
61,Orange Yellow,#f9b900,249,185,0,0,33,100,0,114 148 153 164 170 257 286 338
62,Yellow Orange,#f5a100,245,161,0,0,45,100,0,2 53 89 151 171 209 222 235 267 288 297 312 319 335
63,Apricot Orange,#f18f44,241,143,68,0,55,75,0,211 253 309 328
64,Orange,#ed7100,237,113,0,0,68,100,0,7 46 141 144 149 256 272
65,Peach Red,#ea5521,234,85,33,0,80,90,0,115 250 274 285 298 303 326 340
66,English Red,#d86310,216,99,16,13,73,100,0,1 131 190 308 339
67,Cinnamon Rufous,#c97838,201,120,56,20,60,82,5,8 10 103 158 172 204 206
68,Orange Rufous,#c86c0e,200,108,14,18,65,100,8,91 102 222
69,Sulphine Yellow,#c8a800,200,168,0,24,32,100,4,36 65 142 160 252
70,Khaki,#c49007,196,144,7,24,45,100,6,129 146 159 236 248
71,Citron Yellow,#b7bc21,183,188,33,35,17,95,0,40 87 145 150 153 196 305 323
72,Citrine,#b4a414,180,164,20,36,32,100,0,59 93 132 133 262
73,Buffy Citrine,#9e8e43,158,142,67,42,40,82,8,100 177 233
74,Dark Citrine,#978c56,151,140,86,38,34,67,20,10 41 274 304
75,Light Grayish Olive,#8e885f,142,136,95,43,36,62,19,107 184
76,Krongbergs Green,#8c8e58,140,142,88,48,35,70,12,29
77,Olive,#8a851f,138,133,31,48,38,100,15,96 201 254 258 277 310 334
78,Orange Citrine,#a37821,163,120,33,28,48,92,24,212 342
79,Sudan Brown,#ad6b4c,173,107,76,25,60,65,19,207 214 273
80,Olive Green,#71773a,113,119,58,56,40,85,22,66 243 270 297
81,Light Brownish Olive,#8b7546,139,117,70,42,46,73,24,199 318
82,Deep Grayish Olive,#6d6136,109,97,54,50,48,78,37,146 343
83,Pale Raw Umber,#7a5329,122,83,41,46,63,87,32,26 73 160 234 296
84,Sepia,#6d4f14,109,79,20,48,60,100,40,24 288
85,Madder Brown,#802911,128,41,17,36,88,100,38,28 79 98 173 237 275 323
86,Mars Brown / Tobacco,#703509,112,53,9,39,76,100,47,19
87,Vandyke Brown,#513412,81,52,18,56,71,97,52,110 113 118 182 192 328
88,Turquoise Green,#c0e1ce,192,225,206,29,0,24,0,36 74 147 163 173 202 223 230 263 272 285 293 300 305 317 346
89,Glaucous Green,#bed4c7,190,212,199,30,9,24,0,7 150 171 207 239 260
90,Dark Greenish Glaucous,#bfc9ac,191,201,172,30,15,36,0,264 311
91,Yellow Green,#b6d564,182,213,100,35,0,72,0,111 141 276 326 334
92,Light Green Yellow,#ccd53c,204,213,60,26,5,85,0,61 289 291 311 346
93,Night Green,#88c122,136,193,34,52,0,100,0,19 32 158 326
94,Olive Yellow,#aaa64d,170,166,77,40,30,80,0,124 211 265 347
95,Artemesia Green,#759894,117,152,148,57,28,39,8,293 312
96,Andover Green,#6f8278,111,130,120,60,40,50,10,244 346
97,Rainette Green,#9aa96e,154,169,110,42,20,62,10,73 162 188 266 301
98,Chromium Green,#7b9c6f,123,156,111,50,16,58,20,105 200 219 283
99,Pistachio Green,#649278,100,146,120,64,29,56,6,127 137
100,Sea Green,#00ac95,0,172,149,80,0,51,0,17 21 58 86 133 250 260 284 291 340 347
101,Benzol Green,#009087,0,144,135,100,15,55,0,15 54 92 122 155 247 266 267 281 304 306
102,Light Porcelain Green,#008e89,0,142,137,86,22,50,3,44 193 328
103,Green,#3a9764,58,151,100,75,21,73,0,198 216 293
104,Dull Viridian Green,#008e5c,0,142,92,90,20,80,0,136 256 306 316
105,Oil Green,#849725,132,151,37,53,28,100,8,245 299 320
106,Diamine Green,#02733f,2,115,63,87,32,91,18,38 146 217 242 251 313
107,Cossack Green,#39793c,57,121,60,76,32,91,18,5 135 262 270 278 294 319 341 348
108,Lincoln Green,#5a5c2f,90,92,47,60,48,86,37,70 121 203 210 280 290
109,Blackish Olive,#48583e,72,88,62,56,32,63,55,109 318 336
110,Deep Slate Olive,#253121,37,49,33,76,60,80,62,189 229 268 303 310 321 332 341 342 348
111,Nile Blue,#c8e7e9,200,231,233,25,0,10,0,25 250 268 302 306 330 345
112,Pale King's Blue,#b4dae9,180,218,233,33,4,7,0,16 49 72 75 167 196 213 234 287
113,Light Glaucous Blue,#b0cfd7,176,207,215,35,10,14,0,54 93 119 152 178 204 227 320 339 341
114,Salvia Blue,#a2b2cd,162,178,205,41,25,10,0,29 129 135 139 142 188 209 212 237 272 294 321 330
115,Cobalt Green,#a0d2a8,160,210,168,42,0,42,0,156 188 201 202 230 271 281 282 290 291 308 333
116,Calamine BLue,#84ccd2,132,204,210,50,0,20,0,20 41 65 159 176 255 261 287 291 300
117,Venice Green,#68c3be,104,195,190,58,0,30,0,78 128 138 189 283 345
118,Cerulian Blue,#008ea5,0,142,165,84,26,32,0,1 63 99 125 148 227 240 264
119,Peacock Blue,#008c97,0,140,151,100,19,43,0,131 286
120,Green Blue,#008f97,0,143,151,82,24,40,3,12 74 79 178 208 252 259 271 330
121,Olympic Blue,#5981b5,89,129,181,69,44,10,0,44 67 157 194 231 274 324
122,Blue,#0065b3,0,101,179,95,54,0,0,49 51 88 143 154 186 191 215 257 267 295 333
123,Antwarp Blue,#006e93,0,110,147,100,40,30,10,85 106 114 140 163 172 208 244 258 281 299 302 334
124,Helvetia Blue,#00558e,0,85,142,100,62,19,10,39 48 161 187 218 259 312 347
125,Dark Medici Blue,#527177,82,113,119,70,45,45,15,160 224 241 249
126,Dusky Green,#005247,0,82,71,100,30,64,50,94 219 225 278 284 318 332 338
127,Deep Lyons Blue,#033983,3,57,131,100,85,15,6,22 38 101 126 179 199 236 247 314 344
128,Violet Blue,#373f68,55,63,104,85,79,38,16,75 83 89 98 125 233 286 289 297 309 339
129,Vandar Poel's Blue,#00486c,0,72,108,100,73,43,10,5 77 151 167 168 309 343
130,Dark Tyrian Blue,#0a3552,10,53,82,90,66,36,50,2 60 67 119 141 245 279
131,Dull Violet Black,#170e41,23,14,65,95,106,38,50,95 106 145 265 277 289 295 331
132,Deep Indigo,#001231,0,18,49,100,92,52,60,6 28 139 155 182 211 232
133,Deep Slate Green,#0b2f2c,11,47,44,80,50,60,70,84 149 166 271 318 325
134,Grayish Lavender - A,#c0b8db,192,184,219,28,28,0,0,8 15 159 177 218 248 307
135,Grayish Lavender - B,#c7b0b8,199,176,184,25,33,20,0,47 56 174 187 235 327 329 338
136,Laelia Pink,#cf97ab,207,151,171,20,48,18,0,20 254 280 337
137,Lilac,#bf87b0,191,135,176,28,54,8,0,143 162 282 347
138,Eupatorium Purple,#c1528e,193,82,142,25,79,12,0,215 315 322
139,Light Mauve,#a070a8,160,112,168,43,62,5,0,23 80 128 134 180 274 331
140,Aconite Violet,#a966a2,169,102,162,39,68,5,0,43 64 90 187 220 257 269 301 307 324 344
141,Dull Blue Violet,#816e9d,129,110,157,57,60,17,0,9 100
142,Dark Soft Violet,#645b99,100,91,153,70,68,13,0,64 127 197
143,Blue Violet,#614498,97,68,152,72,80,0,0,116 175 196 322 345
144,Purple Drab,#8e585a,142,88,90,38,65,49,26,236
145,Deep Violet / Plumbeous,#72737c,114,115,124,61,52,43,7,183 192 218
146,Veronia Purple,#94495e,148,73,94,42,78,46,15,13 24 168 183
147,Dark Slate Purple,#703d51,112,61,81,64,85,60,10,225 248
148,Taupe Brown,#854659,133,70,89,30,70,35,40,57 123 174 224 275 280 288
149,Violet Carmine,#703645,112,54,69,64,90,70,10,337
150,Violet,#443580,68,53,128,85,90,18,0,42 56 130 156 164 181 205 214 226 316 331 335
151,Red Violet,#551c68,85,28,104,76,100,25,15,4 37 134 136 170 172 183 316
152,Cotinga Purple,#520e45,82,14,69,66,100,42,40,61 181 238 253 307 329 348
153,Dusky Madder Violet,#4d194a,77,25,74,75,100,46,30,18 50 53 82 103 314
154,White,#ffffff,255,255,255,0,0,0,0,55
155,Neutral Gray,#c0c7c6,192,199,198,29,18,20,0,34 139 180 195 197 221 228 229 273 303 324 340
156,Mineral Gray,#afbbb5,175,187,181,33,18,25,7,11 30
157,Warm Gray,#acac9e,172,172,158,37,28,36,3,69 76 81 143 169 238 259 261
158,Slate Color,#2c424a,44,66,74,85,70,62,30,27 33 57 140 202 243 245 251 253 263 296 329 335
159,Black,#191110,25,17,16,20,10,15,100,46 52 62 69 112 117 144 190 207 216 221 242 255 256 269 276 288 298 313 323 337 340 344
